<?xml version="1.0" encoding="UTF-8" standalone="no"?>
<project>
	<configuration id="ilg.gnuarmeclipse.managedbuild.cross.config.elf.debug.577327443.1531956973" name="Debug">
		<extension point="org.eclipse.cdt.core.LanguageSettingsProvider">
			<provider copy-of="extension" id="org.eclipse.cdt.ui.UserLanguageSettingsProvider"/>
			<provider-reference id="org.eclipse.cdt.core.ReferencedProjectsLanguageSettingsProvider" ref="shared-provider"/>
			<provider-reference id="org.eclipse.cdt.managedbuilder.core.MBSLanguageSettingsProvider" ref="shared-provider"/>
			<provider class="org.eclipse.cdt.managedbuilder.language.settings.providers.GCCBuiltinSpecsDetector" console="false" env-hash="-1795613226168420691" id="org.eclipse.embedcdt.managedbuild.cross.arm.core.GCCBuiltinSpecsDetector" keep-relative-paths="false" name="CDT Arm Cross GCC Built-in Compiler Settings " parameter="${COMMAND} ${FLAGS} ${cross_toolchain_flags} -E -P -v -dD &quot;${INPUTS}&quot;" prefer-non-shared="true">
				<language-scope id="org.eclipse.cdt.core.gcc"/>
				<language-scope id="org.eclipse.cdt.core.g++"/>
			</provider>
		</extension>
	</configuration>
	<configuration id="ilg.gnuarmeclipse.managedbuild.cross.config.elf.debug.577327443.1531956973.647249823" name="Debug_Right">
		<extension point="org.eclipse.cdt.core.LanguageSettingsProvider">
			<provider copy-of="extension" id="org.eclipse.cdt.ui.UserLanguageSettingsProvider"/>
			<provider-reference id="org.eclipse.cdt.core.ReferencedProjectsLanguageSettingsProvider" ref="shared-provider"/>
			<provider-reference id="org.eclipse.cdt.managedbuilder.core.MBSLanguageSettingsProvider" ref="shared-provider"/>
			<provider class="org.eclipse.cdt.managedbuilder.language.settings.providers.GCCBuiltinSpecsDetector" console="false" env-hash="-1795613226168420691" id="org.eclipse.embedcdt.managedbuild.cross.arm.core.GCCBuiltinSpecsDetector" keep-relative-paths="false" name="CDT Arm Cross GCC Built-in Compiler Settings " parameter="${COMMAND} ${FLAGS} ${cross_toolchain_flags} -E -P -v -dD &quot;${INPUTS}&quot;" prefer-non-shared="true">
				<language-scope id="org.eclipse.cdt.core.gcc"/>
				<language-scope id="org.eclipse.cdt.core.g++"/>
			</provider>
		</extension>
	</configuration>
	<configuration id="ilg.gnuarmeclipse.managedbuild.cross.config.elf.debug.577327443.1531956973.1245053462" name="Release">
		<extension point="org.eclipse.cdt.core.LanguageSettingsProvider">
			<provider copy-of="extension" id="org.eclipse.cdt.ui.UserLanguageSettingsProvider"/>
			<provider-reference id="org.eclipse.cdt.core.ReferencedProjectsLanguageSettingsProvider" ref="shared-provider"/>
			<provider-reference id="org.eclipse.cdt.managedbuilder.core.MBSLanguageSettingsProvider" ref="shared-provider"/>
			<provider class="org.eclipse.cdt.managedbuilder.language.settings.providers.GCCBuiltinSpecsDetector" console="false" env-hash="-1847530700408003955" id="org.eclipse.embedcdt.managedbuild.cross.arm.core.GCCBuiltinSpecsDetector" keep-relative-paths="false" name="CDT Arm Cross GCC Built-in Compiler Settings " parameter="${COMMAND} ${FLAGS} ${cross_toolchain_flags} -E -P -v -dD &quot;${INPUTS}&quot;" prefer-non-shared="true">
				<language-scope id="org.eclipse.cdt.core.gcc"/>
				<language-scope id="org.eclipse.cdt.core.g++"/>
			</provider>
		</extension>
	</configuration>
	<configuration id="ilg.gnuarmeclipse.managedbuild.cross.config.elf.debug.577327443.1531956973.647249823.169791687" name="Release_Right">
		<extension point="org.eclipse.cdt.core.LanguageSettingsProvider">
			<provider copy-of="extension" id="org.eclipse.cdt.ui.UserLanguageSettingsProvider"/>
			<provider-reference id="org.eclipse.cdt.core.ReferencedProjectsLanguageSettingsProvider" ref="shared-provider"/>
			<provider-reference id="org.eclipse.cdt.managedbuilder.core.MBSLanguageSettingsProvider" ref="shared-provider"/>
			<provider class="org.eclipse.cdt.managedbuilder.language.settings.providers.GCCBuiltinSpecsDetector" console="false" env-hash="-1847530700408003955" id="org.eclipse.embedcdt.managedbuild.cross.arm.core.GCCBuiltinSpecsDetector" keep-relative-paths="false" name="CDT Arm Cross GCC Built-in Compiler Settings " parameter="${COMMAND} ${FLAGS} ${cross_toolchain_flags} -E -P -v -dD &quot;${INPUTS}&quot;" prefer-non-shared="true">
				<language-scope id="org.eclipse.cdt.core.gcc"/>
				<language-scope id="org.eclipse.cdt.core.g++"/>
			</provider>
		</extension>
	</configuration>
</project>